{
    "$schema": "./../../engine/Core/Schema/module-schema.json",
    "name": "ForgeAuth",
    "version": "0.0.1",
    "description": "An Auth Module By Forge",
    "type": "auth",
    "order": 11,
    "provides": [
        "ForgeAuth@1.0.0"
    ],
    "requires": [],
    "lifecycleHooks": [
        "beforeBoot",
        "afterBoot",
        "beforeModuleLoad",
        "afterModuleLoad",
        "beforeModuleRegister",
        "afterModuleRegister",
        "afterConfigLoaded"
    ],
    "class": "Forge\\Modules\\ForgeAuth\\ForgeAuthModule",
    "cli": {
        "commands": []
    },
    "postInstall": {
        "commands": [
            "php forge.php publish ForgeAuth --type=all"
        ]
    },
    "tags": [],
    "config": {
        "defaults": {}
    },
    "compatibility": {
        "framework": ">=0.0.1",
        "php": "^8.3"
    },
    "repository": {
        "type": "git",
        "url": "https://github.com/forge-engine/modules"
    }
}