{
    "$schema": "https://raw.githubusercontent.com/upperdo/forge-schemas/refs/heads/main/schemas/modules/schema.json",
    "name": "forge-debugbar",
    "version": "1.0.0",
    "description": "Forge debug bar",
    "type": "debugger",
    "provides": [
        "DebugBar@1.0"
    ],
    "order": 200,
    "core": false,
    "requires": [],
    "lifecycleHooks": [
        "beforeBoot",
        "afterBoot",
        "beforeModuleLoad",
        "afterModuleLoad",
        "beforeModuleRegister",
        "afterModuleRegister",
        "afterConfigLoaded"
    ],
    "class": "Forge\\Modules\\ForgeDebugbar\\DebugbarModule",
    "tags": [
        "debugger"
    ],
    "compatibility": {
        "framework": ">=0.0.1",
        "php": "^8.3"
    },
    "repository": {
        "type": "git",
        "url": "https://github.com/forge-engine/modules"
    }
}